Timestamp,UTC,Callsign,Position,Altitude,Speed,Direction
1707587409,2024-02-10T17:50:09Z,RYR99HM,"53.430111,-6.248757",0,0,5
1707587701,2024-02-10T17:55:01Z,RYR99HM,"53.429901,-6.248817",0,3,2
1707587714,2024-02-10T17:55:14Z,RYR99HM,"53.429695,-6.248827",0,3,334
1707587731,2024-02-10T17:55:31Z,RYR99HM,"53.429493,-6.248595",0,3,292
1707587742,2024-02-10T17:55:42Z,RYR99HM,"53.429443,-6.248356",0,3,275
1707587751,2024-02-10T17:55:51Z,RYR99HM,"53.429432,-6.248121",0,3,275
1707587760,2024-02-10T17:56:00Z,RYR99HM,"53.429413,-6.247909",0,3,272
1707587770,2024-02-10T17:56:10Z,RYR99HM,"53.429409,-6.247689",0,1,275
1707587998,2024-02-10T17:59:58Z,RYR99HM,"53.429424,-6.24801",0,5,272
1707588006,2024-02-10T18:00:06Z,RYR99HM,"53.42934,-6.248373",0,7,244
1707588011,2024-02-10T18:00:11Z,RYR99HM,"53.429237,-6.248592",0,7,230
1707588018,2024-02-10T18:00:18Z,RYR99HM,"53.429073,-6.248898",0,8,227
1707588024,2024-02-10T18:00:24Z,RYR99HM,"53.428909,-6.249181",0,9,227
1707588031,2024-02-10T18:00:31Z,RYR99HM,"53.428699,-6.249573",0,10,227
1707588039,2024-02-10T18:00:39Z,RYR99HM,"53.428421,-6.25007",0,12,227
1707588042,2024-02-10T18:00:42Z,RYR99HM,"53.428276,-6.250279",0,13,219
1707588048,2024-02-10T18:00:48Z,RYR99HM,"53.428036,-6.250573",0,10,219
1707588060,2024-02-10T18:01:00Z,RYR99HM,"53.427956,-6.251523",0,11,272
1707588064,2024-02-10T18:01:04Z,RYR99HM,"53.427967,-6.251868",0,0,272
1707588077,2024-02-10T18:01:17Z,RYR99HM,"53.428322,-6.252673",0,0,331
1707588092,2024-02-10T18:01:32Z,RYR99HM,"53.429226,-6.253398",0,16,329
1707588095,2024-02-10T18:01:35Z,RYR99HM,"53.429413,-6.253604",0,15,326
1707588103,2024-02-10T18:01:43Z,RYR99HM,"53.42997,-6.254046",0,16,337
1707588117,2024-02-10T18:01:57Z,RYR99HM,"53.430969,-6.254775",0,16,337
1707588120,2024-02-10T18:02:00Z,RYR99HM,"53.431202,-6.254937",0,17,337
1707588124,2024-02-10T18:02:04Z,RYR99HM,"53.431473,-6.255138",0,17,337
1707588128,2024-02-10T18:02:08Z,RYR99HM,"53.431721,-6.255321",0,18,337
1707588135,2024-02-10T18:02:15Z,RYR99HM,"53.432297,-6.255704",0,18,340
1707588137,2024-02-10T18:02:17Z,RYR99HM,"53.432529,-6.255825",0,17,343
1707588141,2024-02-10T18:02:21Z,RYR99HM,"53.432796,-6.255949",0,15,345
1707588149,2024-02-10T18:02:29Z,RYR99HM,"53.433216,-6.256229",0,13,337
1707588156,2024-02-10T18:02:36Z,RYR99HM,"53.433556,-6.256472",0,9,337
1707588162,2024-02-10T18:02:42Z,RYR99HM,"53.433792,-6.256498",0,8,354
1707588169,2024-02-10T18:02:49Z,RYR99HM,"53.43401,-6.256282",0,9,39
1707588172,2024-02-10T18:02:52Z,RYR99HM,"53.434067,-6.256047",0,9,64
1707588176,2024-02-10T18:02:56Z,RYR99HM,"53.434078,-6.255733",0,10,87
1707588184,2024-02-10T18:03:04Z,RYR99HM,"53.434055,-6.255058",0,12,95
1707588188,2024-02-10T18:03:08Z,RYR99HM,"53.434032,-6.254634",0,13,95
1707588198,2024-02-10T18:03:18Z,RYR99HM,"53.433964,-6.253483",0,16,95
1707588202,2024-02-10T18:03:22Z,RYR99HM,"53.433929,-6.252927",0,17,95
1707588204,2024-02-10T18:03:24Z,RYR99HM,"53.433918,-6.252692",0,18,95
1707588216,2024-02-10T18:03:36Z,RYR99HM,"53.433826,-6.250848",0,21,95
1707588229,2024-02-10T18:03:49Z,RYR99HM,"53.433689,-6.248435",0,23,95
1707588246,2024-02-10T18:04:06Z,RYR99HM,"53.433586,-6.246061",0,0,84
1707588251,2024-02-10T18:04:11Z,RYR99HM,"53.433712,-6.245786",0,9,50
1707588257,2024-02-10T18:04:17Z,RYR99HM,"53.433937,-6.245647",0,9,19
1707588264,2024-02-10T18:04:24Z,RYR99HM,"53.434273,-6.245551",0,11,8
1707588269,2024-02-10T18:04:29Z,RYR99HM,"53.43449,-6.245512",0,11,8
1707588274,2024-02-10T18:04:34Z,RYR99HM,"53.434753,-6.245404",0,12,19
1707588279,2024-02-10T18:04:39Z,RYR99HM,"53.434982,-6.245198",0,11,28
1707588285,2024-02-10T18:04:45Z,RYR99HM,"53.435188,-6.24506",0,7,14
1707588294,2024-02-10T18:04:54Z,RYR99HM,"53.435257,-6.245276",0,3,298
1707588306,2024-02-10T18:05:06Z,RYR99HM,"53.435242,-6.245485",0,3,275
1707588312,2024-02-10T18:05:12Z,RYR99HM,"53.435253,-6.245687",0,6,275
1707588315,2024-02-10T18:05:15Z,RYR99HM,"53.435268,-6.246002",0,16,275
1707588317,2024-02-10T18:05:17Z,RYR99HM,"53.435291,-6.246414",0,27,275
1707588318,2024-02-10T18:05:18Z,RYR99HM,"53.43531,-6.246737",0,33,275
1707588325,2024-02-10T18:05:25Z,RYR99HM,"53.435497,-6.25007",0,72,275
1707588338,2024-02-10T18:05:38Z,RYR99HM,"53.436081,-6.260402",1050,128,275
1707588348,2024-02-10T18:05:48Z,RYR99HM,"53.43663,-6.272016",1175,163,273
1707588357,2024-02-10T18:05:57Z,RYR99HM,"53.437134,-6.283866",1500,171,274
1707588366,2024-02-10T18:06:06Z,RYR99HM,"53.437824,-6.295732",1925,176,276
1707588375,2024-02-10T18:06:15Z,RYR99HM,"53.439083,-6.30801",2400,177,284
1707588378,2024-02-10T18:06:18Z,RYR99HM,"53.439968,-6.312292",2600,177,288
1707588381,2024-02-10T18:06:21Z,RYR99HM,"53.441116,-6.31604",2775,177,297
1707588384,2024-02-10T18:06:24Z,RYR99HM,"53.442482,-6.319158",2900,178,306
1707588387,2024-02-10T18:06:27Z,RYR99HM,"53.444389,-6.322712",3025,183,313
1707588390,2024-02-10T18:06:30Z,RYR99HM,"53.446198,-6.325535",3100,188,317
1707588393,2024-02-10T18:06:33Z,RYR99HM,"53.448029,-6.328361",3150,191,318
1707588396,2024-02-10T18:06:36Z,RYR99HM,"53.450272,-6.331656",3225,201,317
1707588399,2024-02-10T18:06:39Z,RYR99HM,"53.452332,-6.334952",3275,208,316
1707588402,2024-02-10T18:06:42Z,RYR99HM,"53.454586,-6.338627",3325,216,315
1707588405,2024-02-10T18:06:45Z,RYR99HM,"53.456772,-6.342181",3400,222,316
1707588408,2024-02-10T18:06:48Z,RYR99HM,"53.459148,-6.345978",3500,225,316
1707588411,2024-02-10T18:06:51Z,RYR99HM,"53.46138,-6.349613",3650,227,315
1707588414,2024-02-10T18:06:54Z,RYR99HM,"53.463802,-6.353571",3875,226,315
1707588420,2024-02-10T18:07:00Z,RYR99HM,"53.467987,-6.360692",4325,222,314
1707588426,2024-02-10T18:07:06Z,RYR99HM,"53.472229,-6.368354",4725,224,311
1707588429,2024-02-10T18:07:09Z,RYR99HM,"53.474415,-6.372716",4900,227,310
1707588439,2024-02-10T18:07:19Z,RYR99HM,"53.48056,-6.386045",5300,239,306
1707588442,2024-02-10T18:07:22Z,RYR99HM,"53.482544,-6.39059",5450,241,305
1707588445,2024-02-10T18:07:25Z,RYR99HM,"53.484421,-6.395063",5600,243,305
1707588460,2024-02-10T18:07:40Z,RYR99HM,"53.494434,-6.419328",6150,265,304
1707588472,2024-02-10T18:07:52Z,RYR99HM,"53.50444,-6.438715",6775,274,318
1707588475,2024-02-10T18:07:55Z,RYR99HM,"53.50742,-6.442431",6950,276,323
1707588478,2024-02-10T18:07:58Z,RYR99HM,"53.510834,-6.445914",7125,276,331
1707588481,2024-02-10T18:08:01Z,RYR99HM,"53.51445,-6.448818",7300,277,336
1707588484,2024-02-10T18:08:04Z,RYR99HM,"53.518127,-6.451075",7500,278,341
1707588487,2024-02-10T18:08:07Z,RYR99HM,"53.5219,-6.452691",7675,280,347
1707588490,2024-02-10T18:08:10Z,RYR99HM,"53.525711,-6.453762",7850,280,352
1707588493,2024-02-10T18:08:13Z,RYR99HM,"53.529922,-6.454232",8050,282,357
1707588496,2024-02-10T18:08:16Z,RYR99HM,"53.533398,-6.454144",8200,283,2
1707588499,2024-02-10T18:08:19Z,RYR99HM,"53.537586,-6.453418",8375,285,7
1707588502,2024-02-10T18:08:22Z,RYR99HM,"53.541367,-6.452192",8500,286,12
1707588505,2024-02-10T18:08:25Z,RYR99HM,"53.545639,-6.450186",8625,287,16
1707588508,2024-02-10T18:08:28Z,RYR99HM,"53.549271,-6.447925",8725,288,21
1707588511,2024-02-10T18:08:31Z,RYR99HM,"53.552902,-6.444973",8825,288,26
1707588514,2024-02-10T18:08:34Z,RYR99HM,"53.556564,-6.441206",8950,289,32
1707588517,2024-02-10T18:08:37Z,RYR99HM,"53.559654,-6.437342",9100,288,37
1707588521,2024-02-10T18:08:41Z,RYR99HM,"53.562744,-6.432495",9275,287,43
1707588524,2024-02-10T18:08:44Z,RYR99HM,"53.565567,-6.427406",9475,286,49
1707588526,2024-02-10T18:08:46Z,RYR99HM,"53.567825,-6.422372",9675,286,53
1707588530,2024-02-10T18:08:50Z,RYR99HM,"53.56971,-6.417631",9850,284,57
1707588533,2024-02-10T18:08:53Z,RYR99HM,"53.571896,-6.410684",10125,282,61
1707588536,2024-02-10T18:08:56Z,RYR99HM,"53.57341,-6.404951",10325,282,67
1707588539,2024-02-10T18:08:59Z,RYR99HM,"53.574738,-6.398728",10500,282,69
1707588542,2024-02-10T18:09:02Z,RYR99HM,"53.575836,-6.392552",10650,284,74
1707588545,2024-02-10T18:09:05Z,RYR99HM,"53.576614,-6.385803",10775,287,79
1707588547,2024-02-10T18:09:07Z,RYR99HM,"53.577065,-6.379098",10875,289,83
1707588551,2024-02-10T18:09:11Z,RYR99HM,"53.577202,-6.37199",10925,291,88
1707588554,2024-02-10T18:09:14Z,RYR99HM,"53.576935,-6.365008",10975,291,95
1707588557,2024-02-10T18:09:17Z,RYR99HM,"53.576691,-6.36165",11000,291,101
1707588560,2024-02-10T18:09:20Z,RYR99HM,"53.575153,-6.351229",11050,291,104
1707588562,2024-02-10T18:09:22Z,RYR99HM,"53.574783,-6.349156",11075,293,108
1707588566,2024-02-10T18:09:26Z,RYR99HM,"53.572315,-6.339596",11150,298,115
1707588569,2024-02-10T18:09:29Z,RYR99HM,"53.570267,-6.333457",11200,303,119
1707588572,2024-02-10T18:09:32Z,RYR99HM,"53.568283,-6.327654",11250,306,120
1707588575,2024-02-10T18:09:35Z,RYR99HM,"53.565704,-6.320612",11300,308,121
1707588578,2024-02-10T18:09:38Z,RYR99HM,"53.563423,-6.31423",11375,312,121
1707588581,2024-02-10T18:09:41Z,RYR99HM,"53.56147,-6.308657",11425,316,120
1707588584,2024-02-10T18:09:44Z,RYR99HM,"53.559036,-6.301836",11475,318,120
1707588587,2024-02-10T18:09:47Z,RYR99HM,"53.556702,-6.295245",11525,321,120
1707588590,2024-02-10T18:09:50Z,RYR99HM,"53.554413,-6.288653",11600,325,120
1707588593,2024-02-10T18:09:53Z,RYR99HM,"53.552067,-6.281999",11675,327,120
1707588608,2024-02-10T18:10:08Z,RYR99HM,"53.540287,-6.248394",12400,333,120
1707588639,2024-02-10T18:10:39Z,RYR99HM,"53.516281,-6.179339",13850,346,120
1707588672,2024-02-10T18:11:12Z,RYR99HM,"53.48909,-6.100316",15575,354,120
1707588702,2024-02-10T18:11:42Z,RYR99HM,"53.464035,-6.027859",17100,358,120
1707588736,2024-02-10T18:12:16Z,RYR99HM,"53.436428,-5.947481",18675,364,119
1707588769,2024-02-10T18:12:49Z,RYR99HM,"53.408066,-5.865287",20225,370,120
1707588800,2024-02-10T18:13:20Z,RYR99HM,"53.381607,-5.788932",21525,376,120
1707588833,2024-02-10T18:13:53Z,RYR99HM,"53.352543,-5.705378",22950,380,120
1707588864,2024-02-10T18:14:24Z,RYR99HM,"53.324425,-5.624111",24100,388,118
1707588873,2024-02-10T18:14:33Z,RYR99HM,"53.318142,-5.599715",24350,394,110
1707588876,2024-02-10T18:14:36Z,RYR99HM,"53.316139,-5.58986",24450,396,108
1707588879,2024-02-10T18:14:39Z,RYR99HM,"53.314602,-5.581459",24525,398,106
1707588882,2024-02-10T18:14:42Z,RYR99HM,"53.313126,-5.57203",24625,400,104
1707588885,2024-02-10T18:14:45Z,RYR99HM,"53.311855,-5.562636",24725,401,102
1707588888,2024-02-10T18:14:48Z,RYR99HM,"53.310833,-5.553831",24800,402,100
1707588891,2024-02-10T18:14:51Z,RYR99HM,"53.309967,-5.544329",24900,404,98
1707588895,2024-02-10T18:14:55Z,RYR99HM,"53.30925,-5.534686",25025,406,97
1707588898,2024-02-10T18:14:58Z,RYR99HM,"53.308731,-5.525103",25125,406,95
1707588901,2024-02-10T18:15:01Z,RYR99HM,"53.308411,-5.515217",25250,407,93
1707588904,2024-02-10T18:15:04Z,RYR99HM,"53.308136,-5.506348",25375,407,92
1707588907,2024-02-10T18:15:07Z,RYR99HM,"53.307854,-5.49688",25525,406,92
1707588910,2024-02-10T18:15:10Z,RYR99HM,"53.307571,-5.487671",25650,406,93
1707588913,2024-02-10T18:15:13Z,RYR99HM,"53.30722,-5.478333",25800,406,93
1707588945,2024-02-10T18:15:45Z,RYR99HM,"53.303429,-5.376838",26850,412,93
1707588976,2024-02-10T18:16:16Z,RYR99HM,"53.299332,-5.276911",27975,414,93
1707589006,2024-02-10T18:16:46Z,RYR99HM,"53.295235,-5.180619",29175,413,94
1707589037,2024-02-10T18:17:17Z,RYR99HM,"53.29097,-5.082746",30200,415,94
1707589070,2024-02-10T18:17:50Z,RYR99HM,"53.286392,-4.97869",31200,416,94
1707589103,2024-02-10T18:18:23Z,RYR99HM,"53.281597,-4.871952",32150,417,94
1707589133,2024-02-10T18:18:53Z,RYR99HM,"53.277145,-4.774501",32975,416,94
1707589167,2024-02-10T18:19:27Z,RYR99HM,"53.272247,-4.668248",33000,417,94
1707589200,2024-02-10T18:20:00Z,RYR99HM,"53.267166,-4.562073",33000,416,94
1707589231,2024-02-10T18:20:31Z,RYR99HM,"53.262558,-4.464327",33000,416,94
1707589264,2024-02-10T18:21:04Z,RYR99HM,"53.25737,-4.356707",33000,415,94
1707589298,2024-02-10T18:21:38Z,RYR99HM,"53.251987,-4.249851",33000,415,94
1707589331,2024-02-10T18:22:11Z,RYR99HM,"53.24659,-4.143946",33000,414,94
1707589361,2024-02-10T18:22:41Z,RYR99HM,"53.241714,-4.047677",33000,413,94
1707589395,2024-02-10T18:23:15Z,RYR99HM,"53.23621,-3.941264",33000,412,94
1707589429,2024-02-10T18:23:49Z,RYR99HM,"53.230637,-3.835092",33000,412,95
1707589462,2024-02-10T18:24:22Z,RYR99HM,"53.224941,-3.731393",33000,409,95
1707589493,2024-02-10T18:24:53Z,RYR99HM,"53.219513,-3.635298",33000,408,95
1707589520,2024-02-10T18:25:20Z,RYR99HM,"53.211723,-3.550038",33025,401,105
1707589523,2024-02-10T18:25:23Z,RYR99HM,"53.209991,-3.540815",33000,400,107
1707589526,2024-02-10T18:25:26Z,RYR99HM,"53.208206,-3.532104",33000,399,109
1707589529,2024-02-10T18:25:29Z,RYR99HM,"53.206276,-3.523623",33000,398,110
1707589532,2024-02-10T18:25:32Z,RYR99HM,"53.203949,-3.514252",33000,396,112
1707589535,2024-02-10T18:25:35Z,RYR99HM,"53.201668,-3.50585",33000,396,114
1707589538,2024-02-10T18:25:38Z,RYR99HM,"53.19928,-3.497654",33000,394,115
1707589541,2024-02-10T18:25:41Z,RYR99HM,"53.196671,-3.489493",33000,394,117
1707589544,2024-02-10T18:25:44Z,RYR99HM,"53.193924,-3.481332",33000,393,119
1707589548,2024-02-10T18:25:48Z,RYR99HM,"53.191891,-3.475638",33000,392,120
1707589550,2024-02-10T18:25:50Z,RYR99HM,"53.188339,-3.466187",32975,391,122
1707589553,2024-02-10T18:25:53Z,RYR99HM,"53.185654,-3.45932",32975,391,122
1707589557,2024-02-10T18:25:57Z,RYR99HM,"53.182205,-3.450335",32975,390,122
1707589560,2024-02-10T18:26:00Z,RYR99HM,"53.179413,-3.443083",33000,391,122
1707589592,2024-02-10T18:26:32Z,RYR99HM,"53.147598,-3.359462",33025,394,122
1707589626,2024-02-10T18:27:06Z,RYR99HM,"53.115685,-3.275137",33000,393,122
1707589659,2024-02-10T18:27:39Z,RYR99HM,"53.083878,-3.190765",33000,392,122
1707589689,2024-02-10T18:28:09Z,RYR99HM,"53.054516,-3.113525",33000,392,122
1707589723,2024-02-10T18:28:43Z,RYR99HM,"53.021667,-3.027191",33000,393,122
1707589755,2024-02-10T18:29:15Z,RYR99HM,"52.991043,-2.947159",33000,394,122
1707589788,2024-02-10T18:29:48Z,RYR99HM,"52.957359,-2.859506",33000,394,122
1707589820,2024-02-10T18:30:20Z,RYR99HM,"52.925995,-2.77977",33000,392,125
1707589835,2024-02-10T18:30:35Z,RYR99HM,"52.908829,-2.745972",33000,388,132
1707589838,2024-02-10T18:30:38Z,RYR99HM,"52.905083,-2.739598",33000,387,134
1707589841,2024-02-10T18:30:41Z,RYR99HM,"52.90123,-2.733231",33000,386,135
1707589844,2024-02-10T18:30:44Z,RYR99HM,"52.897293,-2.727051",33000,386,136
1707589847,2024-02-10T18:30:47Z,RYR99HM,"52.892944,-2.720566",33000,385,137
1707589850,2024-02-10T18:30:50Z,RYR99HM,"52.88887,-2.714767",33000,384,139
1707589854,2024-02-10T18:30:54Z,RYR99HM,"52.885025,-2.709427",33000,384,140
1707589857,2024-02-10T18:30:57Z,RYR99HM,"52.880722,-2.703781",33000,383,141
1707589860,2024-02-10T18:31:00Z,RYR99HM,"52.87664,-2.698478",33000,383,141
1707589893,2024-02-10T18:31:33Z,RYR99HM,"52.830227,-2.638131",33000,383,141
1707589926,2024-02-10T18:32:06Z,RYR99HM,"52.783676,-2.577438",33000,382,141
1707589957,2024-02-10T18:32:37Z,RYR99HM,"52.742008,-2.523403",33000,380,141
1707589990,2024-02-10T18:33:10Z,RYR99HM,"52.696014,-2.463841",33000,381,141
1707590023,2024-02-10T18:33:43Z,RYR99HM,"52.649872,-2.40448",32875,370,141
1707590053,2024-02-10T18:34:13Z,RYR99HM,"52.611198,-2.354919",32650,344,142
1707590087,2024-02-10T18:34:47Z,RYR99HM,"52.570045,-2.30195",31500,343,142
1707590120,2024-02-10T18:35:20Z,RYR99HM,"52.528336,-2.248587",30575,332,142
1707590153,2024-02-10T18:35:53Z,RYR99HM,"52.488327,-2.197418",29700,322,142
1707590184,2024-02-10T18:36:24Z,RYR99HM,"52.453339,-2.152771",29075,310,142
1707590217,2024-02-10T18:36:57Z,RYR99HM,"52.415909,-2.105331",28100,304,142
1707590248,2024-02-10T18:37:28Z,RYR99HM,"52.382347,-2.063076",27225,299,142
1707590279,2024-02-10T18:37:59Z,RYR99HM,"52.348225,-2.021092",26100,302,144
1707590312,2024-02-10T18:38:32Z,RYR99HM,"52.311543,-1.979579",25150,298,145
1707590345,2024-02-10T18:39:05Z,RYR99HM,"52.273224,-1.935349",24125,296,144
1707590378,2024-02-10T18:39:38Z,RYR99HM,"52.237289,-1.893463",23150,292,144
1707590408,2024-02-10T18:40:08Z,RYR99HM,"52.203415,-1.854248",22250,290,144
1707590440,2024-02-10T18:40:40Z,RYR99HM,"52.17041,-1.816254",21400,285,144
1707590473,2024-02-10T18:41:13Z,RYR99HM,"52.133881,-1.774139",20500,279,144
1707590506,2024-02-10T18:41:46Z,RYR99HM,"52.099182,-1.734085",19950,276,144
1707590536,2024-02-10T18:42:16Z,RYR99HM,"52.067608,-1.698015",19450,278,144
1707590570,2024-02-10T18:42:50Z,RYR99HM,"52.032742,-1.658229",18900,274,144
1707590603,2024-02-10T18:43:23Z,RYR99HM,"51.998566,-1.619263",18375,271,144
1707590636,2024-02-10T18:43:56Z,RYR99HM,"51.964279,-1.580124",17800,270,144
1707590666,2024-02-10T18:44:26Z,RYR99HM,"51.933563,-1.545029",17300,270,144
1707590700,2024-02-10T18:45:00Z,RYR99HM,"51.901382,-1.504822",16775,269,138
1707590731,2024-02-10T18:45:31Z,RYR99HM,"51.872498,-1.463037",16250,268,138
1707590764,2024-02-10T18:46:04Z,RYR99HM,"51.841415,-1.418647",15675,266,138
1707590797,2024-02-10T18:46:37Z,RYR99HM,"51.811432,-1.375963",15125,265,138
1707590830,2024-02-10T18:47:10Z,RYR99HM,"51.780659,-1.332321",14575,266,138
1707590860,2024-02-10T18:47:40Z,RYR99HM,"51.75259,-1.292496",14075,265,139
1707590894,2024-02-10T18:48:14Z,RYR99HM,"51.722004,-1.249237",13525,268,138
1707590927,2024-02-10T18:48:47Z,RYR99HM,"51.691326,-1.205597",12950,268,138
1707590960,2024-02-10T18:49:20Z,RYR99HM,"51.660828,-1.162472",12400,266,138
1707590993,2024-02-10T18:49:53Z,RYR99HM,"51.630341,-1.119461",11850,265,139
1707591008,2024-02-10T18:50:08Z,RYR99HM,"51.616013,-1.099449",11600,264,139
1707591020,2024-02-10T18:50:20Z,RYR99HM,"51.605026,-1.084083",11400,264,138
1707591035,2024-02-10T18:50:35Z,RYR99HM,"51.590057,-1.065377",11150,264,145
1707591051,2024-02-10T18:50:51Z,RYR99HM,"51.574993,-1.049576",11000,262,147
1707591066,2024-02-10T18:51:06Z,RYR99HM,"51.55949,-1.033554",10975,261,147
1707591081,2024-02-10T18:51:21Z,RYR99HM,"51.543987,-1.017456",10725,263,146
1707591096,2024-02-10T18:51:36Z,RYR99HM,"51.5289,-1.001686",10475,263,146
1707591111,2024-02-10T18:51:51Z,RYR99HM,"51.513355,-0.985641",10225,262,147
1707591126,2024-02-10T18:52:06Z,RYR99HM,"51.498089,-0.969696",9975,263,147
1707591141,2024-02-10T18:52:21Z,RYR99HM,"51.483261,-0.9544",9750,262,147
1707591156,2024-02-10T18:52:36Z,RYR99HM,"51.466827,-0.937624",9475,262,147
1707591171,2024-02-10T18:52:51Z,RYR99HM,"51.451767,-0.922183",9225,261,147
1707591183,2024-02-10T18:53:03Z,RYR99HM,"51.43927,-0.909267",9025,263,147
1707591198,2024-02-10T18:53:18Z,RYR99HM,"51.424164,-0.89353",8825,264,146
1707591213,2024-02-10T18:53:33Z,RYR99HM,"51.408661,-0.87738",8600,265,147
1707591228,2024-02-10T18:53:48Z,RYR99HM,"51.393082,-0.861165",8350,265,146
1707591244,2024-02-10T18:54:04Z,RYR99HM,"51.377239,-0.844727",8100,264,146
1707591259,2024-02-10T18:54:19Z,RYR99HM,"51.361736,-0.828705",7825,264,147
1707591274,2024-02-10T18:54:34Z,RYR99HM,"51.346279,-0.812683",7575,262,147
1707591289,2024-02-10T18:54:49Z,RYR99HM,"51.331245,-0.797424",7350,262,147
1707591304,2024-02-10T18:55:04Z,RYR99HM,"51.315491,-0.78144",7100,262,147
1707591319,2024-02-10T18:55:19Z,RYR99HM,"51.300018,-0.765777",6850,260,147
1707591334,2024-02-10T18:55:34Z,RYR99HM,"51.285004,-0.750708",6775,258,147
1707591349,2024-02-10T18:55:49Z,RYR99HM,"51.269516,-0.735245",6775,257,147
1707591365,2024-02-10T18:56:05Z,RYR99HM,"51.254246,-0.71991",6675,258,147
1707591378,2024-02-10T18:56:18Z,RYR99HM,"51.239731,-0.705426",6450,258,147
1707591393,2024-02-10T18:56:33Z,RYR99HM,"51.225266,-0.690951",6275,256,147
1707591406,2024-02-10T18:56:46Z,RYR99HM,"51.212448,-0.678109",6075,252,147
1707591421,2024-02-10T18:57:01Z,RYR99HM,"51.198105,-0.663605",5850,245,147
1707591436,2024-02-10T18:57:16Z,RYR99HM,"51.183884,-0.649084",5625,242,147
1707591451,2024-02-10T18:57:31Z,RYR99HM,"51.170151,-0.635129",5500,233,147
1707591465,2024-02-10T18:57:45Z,RYR99HM,"51.157372,-0.622101",5400,224,147
1707591478,2024-02-10T18:57:58Z,RYR99HM,"51.146484,-0.610855",5350,214,147
1707591493,2024-02-10T18:58:13Z,RYR99HM,"51.13472,-0.598829",5325,199,146
1707591499,2024-02-10T18:58:19Z,RYR99HM,"51.130371,-0.593188",5275,196,136
1707591502,2024-02-10T18:58:22Z,RYR99HM,"51.128586,-0.589996",5275,195,130
1707591505,2024-02-10T18:58:25Z,RYR99HM,"51.126881,-0.586166",5250,194,125
1707591508,2024-02-10T18:58:28Z,RYR99HM,"51.125484,-0.582657",5250,191,122
1707591511,2024-02-10T18:58:31Z,RYR99HM,"51.1241,-0.579083",5250,188,121
1707591514,2024-02-10T18:58:34Z,RYR99HM,"51.122726,-0.575372",5225,186,120
1707591518,2024-02-10T18:58:38Z,RYR99HM,"51.121433,-0.571899",5200,183,120
1707591521,2024-02-10T18:58:41Z,RYR99HM,"51.120117,-0.568394",5175,182,120
1707591523,2024-02-10T18:58:43Z,RYR99HM,"51.118881,-0.565128",5150,180,120
1707591527,2024-02-10T18:58:47Z,RYR99HM,"51.117462,-0.561416",5100,179,120
1707591530,2024-02-10T18:58:50Z,RYR99HM,"51.116409,-0.558521",5100,178,120
1707591545,2024-02-10T18:59:05Z,RYR99HM,"51.110168,-0.542068",5000,172,121
1707591553,2024-02-10T18:59:13Z,RYR99HM,"51.106705,-0.531872",4950,172,112
1707591556,2024-02-10T18:59:16Z,RYR99HM,"51.106117,-0.528183",4925,172,103
1707591560,2024-02-10T18:59:20Z,RYR99HM,"51.105839,-0.523758",4875,174,94
1707591563,2024-02-10T18:59:23Z,RYR99HM,"51.105743,-0.519921",4850,174,91
1707591566,2024-02-10T18:59:26Z,RYR99HM,"51.105793,-0.516205",4850,174,89
1707591569,2024-02-10T18:59:29Z,RYR99HM,"51.105839,-0.512466",4825,175,87
1707591572,2024-02-10T18:59:32Z,RYR99HM,"51.105972,-0.508637",4800,174,86
1707591575,2024-02-10T18:59:35Z,RYR99HM,"51.106201,-0.504851",4775,175,85
1707591578,2024-02-10T18:59:38Z,RYR99HM,"51.10643,-0.500398",4750,175,85
1707591581,2024-02-10T18:59:41Z,RYR99HM,"51.106583,-0.496826",4700,176,85
1707591584,2024-02-10T18:59:44Z,RYR99HM,"51.106796,-0.492603",4650,176,85
1707591587,2024-02-10T18:59:47Z,RYR99HM,"51.106979,-0.488595",4625,176,85
1707591590,2024-02-10T18:59:50Z,RYR99HM,"51.107254,-0.484809",4575,178,83
1707591593,2024-02-10T18:59:53Z,RYR99HM,"51.107559,-0.481186",4525,178,82
1707591596,2024-02-10T18:59:56Z,RYR99HM,"51.107941,-0.477089",4475,179,81
1707591599,2024-02-10T18:59:59Z,RYR99HM,"51.108398,-0.473229",4425,179,79
1707591602,2024-02-10T19:00:02Z,RYR99HM,"51.10891,-0.468903",4375,181,78
1707591605,2024-02-10T19:00:05Z,RYR99HM,"51.109451,-0.465063",4300,182,77
1707591608,2024-02-10T19:00:08Z,RYR99HM,"51.110027,-0.461044",4250,182,77
1707591611,2024-02-10T19:00:11Z,RYR99HM,"51.110538,-0.457535",4200,184,76
1707591615,2024-02-10T19:00:15Z,RYR99HM,"51.111423,-0.451889",4125,183,75
1707591618,2024-02-10T19:00:18Z,RYR99HM,"51.112015,-0.448213",4100,183,75
1707591621,2024-02-10T19:00:21Z,RYR99HM,"51.112564,-0.444872",4050,183,76
1707591624,2024-02-10T19:00:24Z,RYR99HM,"51.113239,-0.440292",4000,181,76
1707591633,2024-02-10T19:00:33Z,RYR99HM,"51.114914,-0.428543",3850,180,77
1707591642,2024-02-10T19:00:42Z,RYR99HM,"51.116592,-0.416887",3700,179,77
1707591651,2024-02-10T19:00:51Z,RYR99HM,"51.118221,-0.405197",3550,179,77
1707591660,2024-02-10T19:01:00Z,RYR99HM,"51.119751,-0.394469",3425,178,77
1707591669,2024-02-10T19:01:09Z,RYR99HM,"51.121342,-0.383301",3275,178,77
1707591678,2024-02-10T19:01:18Z,RYR99HM,"51.122738,-0.37323",3150,176,77
1707591688,2024-02-10T19:01:28Z,RYR99HM,"51.124691,-0.359192",2950,176,77
1707591697,2024-02-10T19:01:37Z,RYR99HM,"51.126297,-0.347925",2800,176,77
1707591705,2024-02-10T19:01:45Z,RYR99HM,"51.127857,-0.336685",2675,174,77
1707591714,2024-02-10T19:01:54Z,RYR99HM,"51.129208,-0.326614",2550,172,77
1707591726,2024-02-10T19:02:06Z,RYR99HM,"51.131393,-0.311279",2350,172,77
1707591732,2024-02-10T19:02:12Z,RYR99HM,"51.132278,-0.304794",2275,169,77
1707591739,2024-02-10T19:02:19Z,RYR99HM,"51.133629,-0.294952",2150,166,77
1707591750,2024-02-10T19:02:30Z,RYR99HM,"51.135399,-0.282059",1975,163,78
1707591759,2024-02-10T19:02:39Z,RYR99HM,"51.136871,-0.27154",1825,157,77
1707591765,2024-02-10T19:02:45Z,RYR99HM,"51.137772,-0.265045",1750,154,77
1707591774,2024-02-10T19:02:54Z,RYR99HM,"51.139114,-0.255506",1650,150,77
1707591784,2024-02-10T19:03:04Z,RYR99HM,"51.140518,-0.245438",1525,144,77
1707591793,2024-02-10T19:03:13Z,RYR99HM,"51.141769,-0.236132",1400,142,77
1707591802,2024-02-10T19:03:22Z,RYR99HM,"51.143097,-0.226853",1275,140,76
1707591811,2024-02-10T19:03:31Z,RYR99HM,"51.144337,-0.217819",1150,138,77
1707591820,2024-02-10T19:03:40Z,RYR99HM,"51.145569,-0.208814",1050,138,78
1707591829,2024-02-10T19:03:49Z,RYR99HM,"51.146805,-0.19989",950,132,77
1707591837,2024-02-10T19:03:57Z,RYR99HM,"51.147629,-0.193894",950,105,76
1707591844,2024-02-10T19:04:04Z,RYR99HM,"51.148293,-0.189162",0,68,78
1707591852,2024-02-10T19:04:12Z,RYR99HM,"51.148792,-0.185585",0,61,78
1707591859,2024-02-10T19:04:19Z,RYR99HM,"51.149174,-0.182889",0,50,78
1707591865,2024-02-10T19:04:25Z,RYR99HM,"51.149426,-0.181163",0,36,73
1707591866,2024-02-10T19:04:26Z,RYR99HM,"51.149467,-0.180931",0,36,73
1707591867,2024-02-10T19:04:27Z,RYR99HM,"51.149529,-0.180662",0,35,70
1707591869,2024-02-10T19:04:29Z,RYR99HM,"51.149643,-0.180217",0,34,64
1707591870,2024-02-10T19:04:30Z,RYR99HM,"51.149727,-0.179958",0,33,61
1707591871,2024-02-10T19:04:31Z,RYR99HM,"51.149792,-0.179734",0,33,61
1707591873,2024-02-10T19:04:33Z,RYR99HM,"51.14994,-0.179326",0,32,59
1707591874,2024-02-10T19:04:34Z,RYR99HM,"51.150021,-0.179122",0,32,59
1707591880,2024-02-10T19:04:40Z,RYR99HM,"51.150478,-0.178138",0,25,50
1707591883,2024-02-10T19:04:43Z,RYR99HM,"51.150639,-0.177823",0,13,50
1707591889,2024-02-10T19:04:49Z,RYR99HM,"51.150856,-0.1776",0,9,25
1707591894,2024-02-10T19:04:54Z,RYR99HM,"51.151073,-0.177574",0,10,2
1707591900,2024-02-10T19:05:00Z,RYR99HM,"51.151321,-0.177593",0,10,357
1707591905,2024-02-10T19:05:05Z,RYR99HM,"51.151554,-0.177489",0,10,22
1707591912,2024-02-10T19:05:12Z,RYR99HM,"51.151749,-0.177155",0,10,53
1707591916,2024-02-10T19:05:16Z,RYR99HM,"51.151817,-0.176858",0,10,70
1707591919,2024-02-10T19:05:19Z,RYR99HM,"51.151852,-0.176635",0,10,75
1707591924,2024-02-10T19:05:24Z,RYR99HM,"51.151913,-0.176258",0,11,75
1707591927,2024-02-10T19:05:27Z,RYR99HM,"51.151955,-0.176022",0,12,75
1707591929,2024-02-10T19:05:29Z,RYR99HM,"51.151978,-0.1758",0,13,75
1707591932,2024-02-10T19:05:32Z,RYR99HM,"51.152008,-0.175591",0,13,78
1707591939,2024-02-10T19:05:39Z,RYR99HM,"51.152122,-0.174751",0,15,78
1707591942,2024-02-10T19:05:42Z,RYR99HM,"51.152172,-0.174445",0,15,78
1707591949,2024-02-10T19:05:49Z,RYR99HM,"51.152275,-0.173647",0,15,78
1707591956,2024-02-10T19:05:56Z,RYR99HM,"51.15239,-0.172849",0,15,75
1707591963,2024-02-10T19:06:03Z,RYR99HM,"51.152519,-0.171947",0,17,78
1707591969,2024-02-10T19:06:09Z,RYR99HM,"51.152622,-0.171242",0,18,78
1707591977,2024-02-10T19:06:17Z,RYR99HM,"51.152775,-0.170155",0,17,78
1707591985,2024-02-10T19:06:25Z,RYR99HM,"51.152916,-0.1691",0,17,78
1707591992,2024-02-10T19:06:32Z,RYR99HM,"51.15303,-0.168228",0,15,78
1707592000,2024-02-10T19:06:40Z,RYR99HM,"51.153111,-0.16758",0,9,75
1707592009,2024-02-10T19:06:49Z,RYR99HM,"51.153145,-0.167133",0,6,90
1707592016,2024-02-10T19:06:56Z,RYR99HM,"51.153088,-0.166929",0,4,112
1707592025,2024-02-10T19:07:05Z,RYR99HM,"51.152962,-0.166706",0,5,132
1707592032,2024-02-10T19:07:12Z,RYR99HM,"51.152866,-0.166492",0,6,120
1707592038,2024-02-10T19:07:18Z,RYR99HM,"51.152847,-0.16628",0,5,98
1707592043,2024-02-10T19:07:23Z,RYR99HM,"51.15287,-0.166057",0,6,87
1707592048,2024-02-10T19:07:28Z,RYR99HM,"51.152893,-0.165834",0,6,81
1707592053,2024-02-10T19:07:33Z,RYR99HM,"51.152916,-0.165593",0,6,81
1707592057,2024-02-10T19:07:37Z,RYR99HM,"51.152939,-0.165389",0,7,78
1707592064,2024-02-10T19:07:44Z,RYR99HM,"51.152973,-0.165043",0,7,81
1707592071,2024-02-10T19:07:51Z,RYR99HM,"51.152996,-0.164702",0,6,81
1707592078,2024-02-10T19:07:58Z,RYR99HM,"51.15303,-0.164387",0,6,78
1707592084,2024-02-10T19:08:04Z,RYR99HM,"51.153065,-0.164108",0,6,78
1707592091,2024-02-10T19:08:11Z,RYR99HM,"51.153111,-0.163803",0,5,78
1707592202,2024-02-10T19:10:02Z,RYR99HM,"51.153133,-0.163593",0,2,78
1707592217,2024-02-10T19:10:17Z,RYR99HM,"51.153355,-0.163403",0,5,14
1707592227,2024-02-10T19:10:27Z,RYR99HM,"51.153557,-0.163403",0,4,2
1707592254,2024-02-10T19:10:54Z,RYR99HM,"51.153156,-0.163514",0,1,357
